{
  "model_type": "ANN (TFLite)",
  "input_feature_columns": [
    "DC_POWER",
    "AMBIENT_TEMPERATURE",
    "MODULE_TEMPERATURE",
    "IRRADIATION",
    "WIND_SPEED_10M",
    "hour",
    "month",
    "day_of_year",
    "sin_hour",
    "cos_hour",
    "sin_month",
    "cos_month",
    "TEMP_DELTA",
    "IRRAD_TEMP",
    "IRRAD_SQUARED",
    "WIND_IRRAD_INTERACTION",
    "WIND_TEMP_INTERACTION",
    "AC_POWER_lag_1",
    "AC_POWER_lag_2",
    "AC_POWER_lag_3",
    "IRRAD_lag_1",
    "rolling_mean_irrad_4",
    "rolling_max_irrad_4",
    "rolling_mean_wind_4"
  ],
  "x_scaler": {
    "feature_range": [
      0,
      1
    ],
    "min_": [
      -8.563728125113902e-06,
      -1.089109850741296,
      -0.3772911774357825,
      -0.001208596840504849,
      -0.017064846416382253,
      -0.38461538461538464,
      -5.0,
      -5.913043478260869,
      0.5,
      0.7943953532404318,
      -2.4492935982947074e-16,
      7.464101615137758,
      0.09025889901881509,
      -0.0010631002294007844,
      -1.4571840268565175e-06,
      -0.0003543173794560006,
      -0.01690589123811534,
      -5.9179743033293914e-05,
      -5.9179743033293914e-05,
      -5.9179743033293914e-05,
      -0.001208596840504849,
      -0.00797334594514775,
      -0.011598620141421481,
      -0.027580071174377222
    ],
    "scale_": [
      3.3452062988726184e-06,
      0.05331859436765511,
      0.020668889997338593,
      0.8697824854097237,
      0.034129692832764506,
      0.07692307692307693,
      1.0,
      0.043478260869565216,
      0.5,
      0.7943953532404318,
      2.000000000000001,
      7.464101615137758,
      0.025813371110898518,
      0.02816111194129951,
      0.7546973223269127,
      0.03571836899865879,
      0.0010959502612820536,
      3.4307097410605165e-05,
      3.4307097410605165e-05,
      3.4307097410605165e-05,
      0.8697824854097237,
      0.9924376811047396,
      0.878808636721902,
      0.03558718861209964
    ],
    "data_min_": [
      2.5599999999999996,
      20.426454666666668,
      18.25406093333333,
      0.0013895391787931,
      0.5,
      5.0,
      5.0,
      136.0,
      -1.0,
      -1.0,
      1.2246467991473532e-16,
      -1.0,
      -3.496594793103462,
      0.0377506481852267,
      1.930819129401003e-06,
      0.00991975248,
      15.4257833,
      1.725,
      1.725,
      1.725,
      0.0013895391787931,
      0.008034102389453974,
      0.0131981180620689,
      0.775
    ],
    "data_max_": [
      298937.78571,
      39.18163776666666,
      66.6359527586207,
      1.151102274,
      29.8,
      18.0,
      6.0,
      159.0,
      1.0,
      0.25881904510252074,
      0.49999999999999994,
      -0.8660254037844387,
      35.24301793333333,
      35.547712118614804,
      1.3250364452079713,
      28.0067188235,
      927.8759512758623,
      29150.212499,
      29150.212499,
      29150.212499,
      1.151102274,
      1.0156540457261904,
      1.151102274,
      28.875
    ]
  },
  "y_scaler": {
    "feature_range": [
      0,
      1
    ],
    "min_": [
      -5.9179743033293914e-05
    ],
    "scale_": [
      3.4307097410605165e-05
    ],
    "data_min_": [
      1.725
    ],
    "data_max_": [
      29150.212499
    ]
  },
  "feature_medians": {
    "DC_POWER": 17112.14,
    "AMBIENT_TEMPERATURE": 29.4541402,
    "MODULE_TEMPERATURE": 42.377244466666674,
    "IRRADIATION": 0.4523513453333334,
    "WIND_SPEED_10M": 13.35,
    "hour": 12.0,
    "month": 5.0,
    "day_of_year": 148.0,
    "sin_hour": 1.2246467991473532e-16,
    "cos_hour": -0.7071067811865475,
    "sin_month": 0.49999999999999994,
    "cos_month": -0.8660254037844387,
    "TEMP_DELTA": 12.205009966666655,
    "IRRAD_TEMP": 13.380718171914902,
    "IRRAD_SQUARED": 0.20462173962487662,
    "WIND_IRRAD_INTERACTION": 4.907274020999999,
    "WIND_TEMP_INTERACTION": 391.6981471216669,
    "AC_POWER_lag_1": 11712.922380952381,
    "AC_POWER_lag_2": 11712.922380952381,
    "AC_POWER_lag_3": 11712.922380952381,
    "IRRAD_lag_1": 0.4523513453333334,
    "rolling_mean_irrad_4": 0.4718068826071428,
    "rolling_max_irrad_4": 0.5884872353333334,
    "rolling_mean_wind_4": 13.3
  },
  "notes": [
    "Use this model for offline inference on Android.",
    "Apply x_scaler min-max normalization before inference.",
    "Apply inverse y_scaler transform after inference.",
    "ANN is used for offline deployment; XGBoost remains strongest online model."
  ]
}