{
  "best_model": "XGBoost",
  "metrics": {
    "model": "XGBoost",
    "RMSE": 324.4673,
    "MAE": 218.3033,
    "R2": 0.9977,
    "MAPE": 7.9
  },
  "feature_columns": [
    "DC_POWER",
    "AMBIENT_TEMPERATURE",
    "MODULE_TEMPERATURE",
    "IRRADIATION",
    "WIND_SPEED_10M",
    "hour",
    "month",
    "day_of_year",
    "sin_hour",
    "cos_hour",
    "sin_month",
    "cos_month",
    "TEMP_DELTA",
    "IRRAD_TEMP",
    "IRRAD_SQUARED",
    "WIND_IRRAD_INTERACTION",
    "WIND_TEMP_INTERACTION",
    "AC_POWER_lag_1",
    "AC_POWER_lag_2",
    "AC_POWER_lag_3",
    "IRRAD_lag_1",
    "rolling_mean_irrad_4",
    "rolling_max_irrad_4",
    "rolling_mean_wind_4"
  ],
  "feature_medians": {
    "DC_POWER": 17112.14,
    "AMBIENT_TEMPERATURE": 29.4541402,
    "MODULE_TEMPERATURE": 42.377244466666674,
    "IRRADIATION": 0.4523513453333334,
    "WIND_SPEED_10M": 13.35,
    "hour": 12.0,
    "month": 5.0,
    "day_of_year": 148.0,
    "sin_hour": 1.2246467991473532e-16,
    "cos_hour": -0.7071067811865475,
    "sin_month": 0.49999999999999994,
    "cos_month": -0.8660254037844387,
    "TEMP_DELTA": 12.205009966666655,
    "IRRAD_TEMP": 13.380718171914902,
    "IRRAD_SQUARED": 0.20462173962487662,
    "WIND_IRRAD_INTERACTION": 4.907274020999999,
    "WIND_TEMP_INTERACTION": 391.6981471216669,
    "AC_POWER_lag_1": 11712.922380952381,
    "AC_POWER_lag_2": 11712.922380952381,
    "AC_POWER_lag_3": 11712.922380952381,
    "IRRAD_lag_1": 0.4523513453333334,
    "rolling_mean_irrad_4": 0.4718068826071428,
    "rolling_max_irrad_4": 0.5884872353333334,
    "rolling_mean_wind_4": 13.3
  }
}